"dest_ip",count
"35.186.205.6",32413
"199.83.132.254",23508
"54.67.6.89",22372
"34.192.120.161",19680
"34.206.223.134",19620
"34.203.99.165",19619
"52.206.60.142",7420
"54.85.95.39",7378
"54.89.15.173",7291
"34.195.107.98",7212
"54.175.7.155",7092
"52.72.167.184",6749
"52.87.132.32",6746
"34.202.152.194",6712
"34.207.45.152",6267
"52.1.163.124",6046
"54.86.253.153",6024
"52.22.103.174",5976
"54.87.201.104",3832
"52.1.124.144",3821
"52.2.69.150",3817
"199.83.132.158",3630
"204.110.219.102",3314
"52.22.114.167",2664
"52.45.73.217",2661
"52.6.84.78",2656
"199.83.132.218",2556
"50.31.164.146",2221
"50.31.164.147",2216
"50.31.164.148",2209
"50.31.164.149",2195
"50.31.164.145",2091
"66.208.14.74",1615
"54.225.209.18",1516
"54.225.184.147",1507
"54.225.187.164",1505
"107.20.232.91",1495
"54.221.226.108",1493
"54.225.177.135",1485
"54.225.183.91",1484
"54.243.248.233",1483
"107.22.160.247",1481
"54.225.213.216",1479
"107.21.120.106",1478
"174.129.226.29",1478
"54.243.49.131",1474
"107.20.171.94",1473
"107.20.244.26",1472
"107.21.124.148",1468
"54.225.194.145",1463
"54.235.188.88",1462
"54.225.214.228",1453
"54.243.194.58",1452
"54.243.200.180",1452
"107.20.213.173",1449
"50.19.95.173",1449
"54.243.169.194",1449
"54.243.169.121",1442
"174.129.34.194",1441
"107.20.162.135",1439
"54.225.154.127",1439
"23.23.131.159",1437
"50.19.242.49",1437
"23.21.217.146",1436
"23.21.221.66",1436
"23.21.92.126",1436
"54.225.245.134",1435
"23.23.189.219",1430
"50.19.114.254",1429
"107.21.225.240",1428
"174.129.220.85",1428
"54.243.131.165",1428
"54.197.233.245",1427
"174.129.13.225",1426
"184.73.192.62",1425
"107.21.245.13",1424
"23.21.236.37",1424
"23.21.249.185",1423
"54.243.88.99",1423
"23.23.91.100",1421
"23.21.56.220",1419
"23.23.95.200",1417
"54.225.216.202",1415
"54.225.144.0",1414
"54.197.232.33",1410
"50.16.209.63",1408
"50.19.252.137",1408
"54.235.251.67",1405
"23.23.73.28",1404
"54.243.126.149",1404
"107.22.228.110",1403
"23.21.73.164",1400
"54.225.169.93",1398
"50.16.188.192",1391
"54.225.118.197",1390
"54.225.223.2",1390
"54.83.62.35",1381
"50.16.211.241",1377
"50.17.185.71",1374
"23.23.239.59",1371
"54.83.207.216",1342
"54.204.6.161",1098
"54.165.141.185",957
"4.15.73.226",832
"108.61.73.244",642
"138.236.128.112",637
"198.55.111.50",637
"64.6.144.6",633
"54.80.47.229",485
"52.207.14.250",484
"52.22.23.208",393
"54.85.82.162",365
"4.16.194.50",357
"52.205.60.238",353
"23.23.148.62",302
"52.8.232.179",131
"216.58.217.110",87
"34.199.47.82",75
"172.217.7.238",74
"34.204.226.229",74
"151.101.32.133",73
"34.206.182.227",73
"172.217.7.142",67
"172.217.5.238",61
"50.19.122.12",59
"172.217.7.174",48
"172.217.8.14",48
"172.217.3.46",44
"174.143.35.246",34
"4.15.85.74",34
"50.16.191.241",30
"50.16.195.38",30
"50.19.232.175",30
"151.101.32.223",28
"50.19.107.85",28
"216.58.217.174",27
"74.125.29.189",26
"151.101.32.207",24
"173.194.66.189",24
"54.86.102.211",23
"173.194.204.189",22
"172.217.7.206",21
"151.101.32.249",20
"91.189.95.83",20
"216.58.217.142",19
"87.238.57.227",19
"192.30.253.112",18
"216.58.217.163",18
"216.58.217.78",18
"54.239.29.8",18
"151.101.2.2",17
"204.145.124.244",17
"104.192.142.100",16
"192.30.253.125",16
"151.101.32.162",15
"54.239.28.176",15
"172.217.5.229",14
"54.239.28.168",14
"104.131.53.252",13
"192.30.253.113",13
"217.196.149.55",13
"4.53.160.75",13
"104.192.142.99",12
"138.68.46.177",12
"151.101.194.2",12
"151.101.66.2",11
"216.58.217.101",11
"151.101.130.2",10
"192.168.1.229",10
"69.195.159.158",10
"108.61.73.243",9
"208.53.158.34",9
"216.218.254.202",9
"45.127.112.2",9
"45.76.92.117",9
"52.54.219.5",9
"74.125.22.189",9
"96.244.96.19",9
"104.156.99.226",8
"132.163.4.101",8
"167.160.84.183",8
"172.217.7.162",8
"208.75.88.4",8
"216.229.0.49",8
"45.33.84.208",8
"52.206.77.230",8
"54.192.192.213",8
"69.89.207.199",8
"69.89.207.99",8
"72.21.91.29",8
"108.59.2.24",7
"129.250.35.251",7
"154.16.245.246",7
"171.66.97.126",7
"172.217.8.10",7
"173.194.175.189",7
"173.194.68.189",7
"198.60.22.240",7
"204.11.201.12",7
"209.242.224.117",7
"216.229.4.66",7
"216.58.217.129",7
"216.6.2.70",7
"4.14.210.18",7
"45.76.244.202",7
"45.79.111.114",7
"52.3.189.214",7
"54.164.134.44",7
"54.88.181.170",7
"66.228.42.59",7
"74.120.8.2",7
"74.125.22.127",7
"91.189.91.23",7
"91.189.95.15",7
"108.61.56.35",6
"128.138.141.172",6
"129.6.15.30",6
"172.217.7.133",6
"172.217.8.5",6
"173.255.246.13",6
"192.30.253.116",6
"192.30.253.124",6
"198.58.110.84",6
"204.2.134.162",6
"204.9.54.119",6
"216.229.0.50",6
"216.229.4.69",6
"216.58.218.238",6
"34.199.171.105",6
"45.127.113.2",6
"52.36.249.151",6
"52.84.124.134",6
"54.196.159.70",6
"54.230.16.80",6
"66.228.59.187",6
"66.85.74.226",6
"69.10.161.7",6
"69.167.160.102",6
"72.5.72.15",6
"74.117.214.2",6
"8.18.45.80",6
"96.126.100.203",6
"96.126.105.86",6
"192.30.253.117",5
"195.21.137.209",5
"204.11.201.10",5
"216.58.217.69",5
"23.239.26.89",5
"24.124.0.251",5
"34.196.249.149",5
"38.126.113.11",5
"50.116.52.97",5
"52.0.142.46",5
"52.0.73.222",5
"52.37.145.131",5
"52.45.138.56",5
"54.146.71.23",5
"66.135.44.92",5
"67.18.187.111",5
"74.120.81.219",5
"74.125.192.189",5
"132.163.4.102",4
"172.217.7.130",4
"172.217.7.131",4
"172.217.7.165",4
"172.217.7.227",4
"184.105.182.7",4
"192.0.73.2",4
"198.206.133.14",4
"204.2.134.163",4
"204.2.134.164",4
"208.75.89.4",4
"216.58.217.100",4
"38.229.71.1",4
"45.33.13.54",4
"45.79.1.70",4
"45.79.167.181",4
"52.20.221.187",4
"52.200.98.185",4
"52.204.142.226",4
"52.54.191.0",4
"54.192.192.115",4
"54.192.192.21",4
"66.228.48.38",4
"69.164.202.202",4
"74.82.59.150",4
"91.189.88.149",4
"97.107.128.58",4
"138.68.224.199",3
"159.203.158.197",3
"172.217.3.37",3
"172.217.7.193",3
"192.241.160.32",3
"199.102.46.77",3
"206.71.252.18",3
"209.208.79.69",3
"209.85.232.104",3
"216.58.212.227",3
"216.58.217.133",3
"216.58.217.99",3
"38.126.113.10",3
"45.79.111.167",3
"52.36.22.84",3
"52.7.136.125",3
"54.158.68.0",3
"54.162.0.189",3
"54.192.192.170",3
"54.192.192.226",3
"54.192.192.93",3
"54.205.195.154",3
"54.87.136.115",3
"66.228.58.20",3
"74.82.59.149",3
"91.189.88.152",3
"91.189.88.161",3
"96.226.123.209",3
"97.107.128.165",3
"104.131.139.195",2
"104.237.191.1",2
"104.245.32.240",2
"107.155.72.138",2
"107.22.239.61",2
"108.161.151.187",2
"108.177.11.113",2
"129.250.35.250",2
"137.190.2.4",2
"152.2.133.54",2
"169.54.33.136",2
"172.217.17.110",2
"172.217.17.35",2
"172.217.20.78",2
"172.217.7.194",2
"172.217.7.205",2
"172.217.8.196",2
"173.230.144.109",2
"173.49.198.27",2
"173.71.76.46",2
"174.143.35.230",2
"184.72.225.91",2
"192.241.206.171",2
"198.58.105.63",2
"199.102.46.78",2
"199.16.156.41",2
"199.223.248.101",2
"199.223.248.98",2
"199.233.217.27",2
"208.38.213.148",2
"208.69.120.241",2
"209.85.201.189",2
"216.218.220.101",2
"216.58.217.132",2
"216.58.217.162",2
"216.58.217.165",2
"216.58.217.66",2
"216.58.217.68",2
"216.58.218.227",2
"216.93.242.12",2
"23.204.2.131",2
"23.218.133.190",2
"23.49.181.170",2
"23.66.18.170",2
"35.165.227.174",2
"45.33.41.203",2
"45.33.43.25",2
"45.33.91.95",2
"50.116.38.157",2
"50.22.155.163",2
"52.0.182.8",2
"52.0.56.137",2
"52.20.220.254",2
"52.202.198.153",2
"52.216.227.91",2
"52.5.118.30",2
"52.6.160.3",2
"52.71.73.248",2
"52.84.125.152",2
"52.84.125.214",2
"52.84.125.219",2
"54.187.228.155",2
"54.192.192.245",2
"54.192.192.98",2
"54.198.110.211",2
"54.210.124.161",2
"54.225.115.182",2
"63.245.215.95",2
"64.251.26.77",2
"65.182.224.60",2
"65.19.142.137",2
"65.19.178.219",2
"66.241.101.63",2
"66.246.75.245",2
"66.79.136.240",2
"67.217.112.181",2
"68.96.20.178",2
"72.14.183.239",2
"72.14.183.39",2
"74.117.214.3",2
"74.122.204.3",2
"87.238.57.232",2
"91.189.88.162",2
"91.189.91.26",2
"97.107.129.217",2
"97.127.86.33",2
"97.127.94.205",2
"104.155.144.4",1
"104.171.113.34",1
"104.200.138.192",1
"104.236.116.147",1
"104.236.142.104",1
"104.236.88.28",1
"107.155.72.167",1
"107.175.144.206",1
"107.20.239.82",1
"109.74.195.175",1
"129.6.15.28",1
"138.236.128.36",1
"142.4.196.99",1
"144.217.148.73",1
"148.167.132.200",1
"148.251.133.44",1
"152.2.133.55",1
"162.213.2.253",1
"163.172.177.158",1
"168.215.194.18",1
"169.54.33.141",1
"172.217.17.142",1
"172.217.3.36",1
"172.217.4.46",1
"172.217.5.225",1
"172.217.5.227",1
"172.217.7.132",1
"172.217.7.14",1
"172.217.7.164",1
"172.217.7.195",1
"173.194.205.189",1
"173.194.68.100",1
"173.21.232.34",1
"173.212.196.208",1
"173.233.93.236",1
"173.255.203.87",1
"174.136.103.130",1
"176.9.239.179",1
"178.33.227.201",1
"178.63.9.212",1
"185.140.50.19",1
"193.104.228.123",1
"194.54.161.214",1
"195.141.190.190",1
"195.154.174.209",1
"195.21.152.161",1
"195.98.32.195",1
"198.60.22.239",1
"199.102.46.73",1
"199.102.46.74",1
"199.188.48.60",1
"199.233.236.226",1
"199.241.184.162",1
"199.47.210.132",1
"202.22.158.30",1
"204.44.84.35",1
"206.253.165.93",1
"207.140.111.251",1
"208.82.104.205",1
"209.123.234.43",1
"209.133.217.165",1
"212.47.239.163",1
"212.59.0.2",1
"216.58.211.110",1
"216.58.212.238",1
"216.58.217.161",1
"216.58.217.173",1
"216.58.217.67",1
"216.58.217.97",1
"23.196.112.141",1
"23.21.190.187",1
"23.239.24.67",1
"23.92.29.245",1
"23.95.6.148",1
"24.248.217.23",1
"31.13.69.228",1
"34.198.16.51",1
"34.198.99.183",1
"35.160.78.216",1
"35.161.11.107",1
"35.167.231.223",1
"35.186.199.248",1
"37.235.209.151",1
"38.88.18.251",1
"45.79.109.111",1
"46.175.224.7",1
"46.19.96.19",1
"5.186.56.172",1
"5.45.97.127",1
"5.9.118.105",1
"50.19.109.161",1
"52.1.141.45",1
"52.1.22.73",1
"52.2.126.201",1
"52.216.0.179",1
"52.216.0.91",1
"52.216.17.179",1
"52.216.17.251",1
"52.216.18.51",1
"52.216.226.219",1
"52.216.64.211",1
"52.216.65.19",1
"52.216.80.11",1
"52.216.80.147",1
"52.24.192.1",1
"52.26.140.68",1
"52.4.105.224",1
"52.54.208.172",1
"52.55.141.228",1
"52.84.125.104",1
"52.84.125.181",1
"52.84.125.243",1
"52.84.125.38",1
"52.85.142.146",1
"52.85.142.200",1
"52.85.142.222",1
"52.85.142.40",1
"52.85.142.66",1
"52.86.40.183",1
"54.144.108.75",1
"54.192.192.108",1
"54.192.192.163",1
"54.192.192.244",1
"54.192.192.99",1
"54.204.46.124",1
"54.209.73.193",1
"54.231.114.124",1
"54.231.120.146",1
"54.231.40.178",1
"54.231.40.26",1
"54.231.41.50",1
"54.231.48.187",1
"54.231.81.147",1
"54.231.98.163",1
"54.235.80.124",1
"54.236.224.171",1
"54.68.119.170",1
"54.68.139.233",1
"54.83.7.186",1
"54.84.241.92",1
"63.211.239.58",1
"64.71.152.181",1
"66.228.54.198",1
"66.79.167.34",1
"67.18.208.203",1
"69.164.203.231",1
"69.36.242.138",1
"69.41.163.31",1
"69.55.64.214",1
"69.64.45.119",1
"71.19.144.130",1
"72.14.188.52",1
"72.29.161.5",1
"73.37.183.90",1
"74.123.28.4",1
"74.125.29.102",1
"74.207.240.206",1
"75.101.249.126",1
"78.46.242.99",1
"82.193.117.90",1
"83.68.137.76",1
"85.220.190.246",1
"87.118.124.35",1
"88.99.126.167",1
"88.99.217.142",1
"90.187.7.5",1
"92.240.254.98",1
"96.126.122.39",1
